"londd","latdd"
19.2771734518568,-32.7319422345143
20.6012494346173,-33.479812985966
20.6780957932965,-33.50001883021
19.376821660894,-33.9634151723105
19.877146283728,-33.6141533858357
19.9695169598675,-33.5826525287031
19.9525729977041,-33.619435562253
19.9447351150336,-33.641187662202
19.7413501178223,-33.270043063837
19.7717647525538,-33.2910247988255
19.7881799234674,-33.2801415928538
19.7470374948838,-33.3145845871735
19.2475618968691,-32.7596521837227
19.2723366844776,-32.7005230045422
19.2068598000659,-32.7425994154774
19.1634204378399,-33.6160509800306
19.0909760240215,-33.6349014200373
19.1357336232812,-33.5660147297447
19.5788296620791,-33.9570387556851
19.2524208518752,-33.2633373375665
19.31531649255,-33.2998181549487
20.6876600795127,-33.2273685411979
20.7317672039048,-33.2839485791074
20.7530569744631,-33.2235565822582
20.7442228809428,-33.2845972041142
20.6304766616169,-33.5009536852036
20.6957098481217,-33.4334212992619
20.5676499396824,-33.3011284284806
20.57182726161,-33.2531374488147
20.6399839502779,-33.2946402250976
20.5632031536474,-33.2598386093779
20.6035487871394,-33.2951406055251
20.6047879666601,-33.260637739541
20.7069869456124,-33.4697633288418
20.6834337141412,-33.4271713403481
22.1043443319453,-33.2499101150036
22.1207556412825,-33.2942891549729
22.1431216629576,-33.2589584606821
22.0815624087109,-33.348008986584
22.9656319084466,-33.5892935750429
23.0044594770447,-33.6027972427058
22.9298951578169,-33.5220630957057
22.9477322842684,-33.5612157473806
22.976861209008,-33.5748948725425
22.8625666248734,-33.5483851114856
22.9012545986921,-33.6037774290274
22.9223177549328,-33.5444800195424
22.9732058811941,-33.6072645641118
22.9040729050376,-33.5230174579676
23.0436505929613,-33.6123215291816
23.0491750014769,-33.6334636274297
22.7840042800047,-33.5927429276965
22.825049804586,-33.6073487511482
22.7795049962933,-33.6471220485513
22.8174261895577,-33.6166497038025
22.8057765057925,-33.6452059727674
22.844849838486,-33.6287017636047
22.8348798227199,-33.5561345653767
22.811545465622,-33.6447162727872
22.7949039050694,-33.6404271157775
22.8459287541778,-33.5471191437896
22.8283572424968,-33.6001152903306
22.7701437127377,-33.5498007700741
22.7666660528873,-33.6035352205829
22.8362121342336,-33.601874915747
22.8079953416408,-33.6200587596138
22.7961048394851,-33.6425975551987
22.8407519634673,-33.5833827118167
21.1708818185516,-33.3655857532183
21.1050807804354,-33.3341407789215
21.1854265540391,-33.4016922125519
21.1815191322127,-33.3476439975762
21.1904875989184,-33.3529913728461
21.2022823634641,-33.4042436983464
21.1129515199736,-33.3817054533781
21.1199217572212,-33.4038578722533
21.1245549731813,-33.3477059834768
21.1237451588893,-33.3691012536789
21.1340939591619,-33.3764862182253
21.1447883411506,-33.3622836351572
21.1485170918404,-33.4260892390274
20.0700064341845,-33.1483780037956
20.0860930757495,-33.1497808259065
19.2339646941488,-33.8132541354354
20.6786139341705,-33.503266060955
20.5958323138253,-33.5238695976314
20.6767843047856,-33.4938742981656
20.4692612345032,-33.2723977245065
20.5000955687668,-33.2810189755717
24.1285230131038,-33.055085223957
24.1106944966838,-33.0379976429716
24.0978449801765,-33.0717807287332
24.066779906853,-33.028185183948
19.3701922664028,-32.6357974737547
19.3745865910211,-32.6045762247992
19.3553745022202,-32.5537021921017
19.3150065864836,-32.6215985158077
19.3444959203545,-32.6070803204989
19.2863021874307,-32.5801883506905
19.2443626530572,-32.346276594977
19.2649937980669,-32.3757743989061
20.6046832701946,-33.223469901978
20.5668799434266,-33.1881095518042
20.6215336172088,-33.2044951023124
20.5434777180525,-33.1859999743606
20.6266731408854,-33.1992973994856
20.6051553751715,-33.2132027026182
20.640205345639,-33.2708878302499
20.5752814263674,-33.2297392772576
20.6648813388403,-33.2196431912649
21.4425662446022,-33.2998059748085
21.5391369028958,-33.3249447453413
19.2062194548202,-33.507942634549
19.2218854764196,-32.3366460773358
19.255098261387,-32.4015932498454
19.2635285285934,-32.3095523352614
19.1857285248776,-32.3020299931922
19.2417899980637,-32.2998671157872
19.221031075797,-32.3831262405292
19.2520117816431,-32.3242346663922
19.1849040840455,-32.3111684900838
19.188299675867,-32.3795818429495
19.2069806940705,-32.3429860941422
19.2544668070384,-32.2833279153742
19.2117632383155,-32.2857615376758
19.2038849721244,-32.297930146601
19.2219108483745,-32.2824361796343
19.1907032845476,-32.3479255255442
19.1764143832559,-32.3300757702039
19.1911488509598,-32.3044693912658
19.2368969651674,-32.3680634518239
19.1485488508064,-32.3379821205921
19.1726486261943,-32.293591021549
19.1606152769607,-32.3048326117182
19.2324675909569,-32.3326351986761
19.2035537360505,-32.3230895499001
19.2375894538089,-32.3544423099961
19.2628050658601,-32.3614985177181
19.2567262552743,-32.4895630609262
19.6964874678134,-33.1716171533876
19.6076056576491,-33.1073260825555
19.6211339749778,-33.1210505416542
19.6642430561194,-33.1608640104755
19.5940458572768,-33.1294794821367
19.6777292468968,-33.1862461057176
19.648470018492,-33.1388280196804
19.6612095603849,-33.1709035639372
19.6212380293812,-33.1621087619568
19.6743730202765,-33.1921422496884
19.6522734153299,-33.1715253898054
19.6998082710645,-33.1978712930502
19.7017393144295,-33.1154262267072
19.6563680170047,-33.0148250944466
19.7624384037135,-33.4523066825131
18.8263601296245,-33.8501862335297
19.9559842082635,-33.193877817207
19.9047929806785,-33.181736973727
19.9622209288246,-33.2295328804543
19.9093987371615,-33.2076542170699
19.8497104398719,-33.2414160797317
19.9135991030373,-33.7070083210766
19.9638530744185,-33.6457547360053
19.849190481389,-33.6827357213116
19.8708800530098,-33.6381247154037
19.8889068293403,-33.687652323015
19.7120372058516,-33.5146582982299
19.6986528318907,-33.5448384833327
19.7232234569965,-33.5197771000807
19.7267370760859,-33.5364808658893
22.4979234774607,-33.7990388841247
19.1606275191391,-32.9783737377004
19.6834551321333,-33.5382206271794
19.7384393146,-33.5482698408254
22.7596281176469,-33.3970309868018
22.7013971891348,-33.377574234481
22.7294922665787,-33.3317308379347
22.7346468058639,-33.4219282168224
22.7204208587269,-33.3696216094858
22.6979745102022,-33.3263397923848
22.7149304480432,-33.3623232901889
19.4076185915731,-32.7058056974588
19.3884902721904,-32.6962397181206
19.415674186823,-32.7317021376854
19.3854603276914,-32.7606275151278
19.4133038314767,-32.6906120628807
19.4300751432916,-32.6923034070823
19.4621914333412,-32.6616395456231
19.3984557252499,-32.6642726081638
19.4170672934446,-32.6382625331897
19.4325943003037,-32.6663066785149
19.4997192519177,-33.1729678834453
19.9362083348166,-33.6958046483387
19.4751772968546,-33.1980192603115
19.5145545140346,-33.2539414786184
19.5567452418507,-33.1896827289285
19.4860336310091,-33.2179010568103
19.5414830313129,-33.212183206997
19.5268264356321,-33.1585399915996
19.5650747816106,-33.2144343622699
19.5191935092042,-33.2083555501374
19.5309901375342,-33.227257905609
19.5124127377459,-33.249610421854
19.5111155515835,-33.2171162437461
19.5786170388264,-33.1848719672338
19.2895263249138,-32.5364199041194
23.5132050898728,-33.1366546554194
23.4759863705878,-33.199083079137
23.4481620384828,-33.2268467946778
23.756007101763,-33.0460256641154
23.7998389118332,-32.9858150927889
23.7709815351107,-33.0567250764454
23.728633957198,-33.0383437551595
23.8177669838443,-32.9651792402007
23.8030812937729,-33.0013995446619
23.7531808596412,-33.0208135696127
23.7613904672116,-32.9806182403489
23.7375716950754,-33.0468234655596
23.7598171838652,-33.0654905813662
23.7251646723133,-33.0606954160295
20.849219328859,-33.2874946237029
20.8615776431923,-33.2424104428105
20.8829776608172,-33.2265805858894
20.8742384442911,-33.2295245905714
20.8314531172551,-33.2219261466571
19.3865453250166,-33.0312396180731
19.5198000892159,-32.9484880088354
19.4472460550471,-33.00825974611
19.4627836262797,-32.9428453339077
19.2154342296832,-33.688355293502
19.1843998792982,-33.6694809696925
19.2579859733963,-33.6629287583512
19.2317941929866,-33.7711303204951
19.3575003124112,-33.7644963447694
19.3695076686804,-33.746166754961
19.3436780277797,-33.7854022660871
19.2985501317345,-33.6985962806866
19.3542663880857,-33.7019440907044
23.3160408917201,-33.623128770112
23.2901955163088,-33.6479875925882
23.3383160652844,-33.6620587750208
23.3474582671439,-33.6057290771725
23.3348845489807,-33.5988237523054
23.3643504209137,-33.5740356644411
23.2943248564954,-33.566353242794
23.3435793423178,-33.621062556278
23.3252198594306,-33.62090782284
23.3488534377339,-33.610926383147
23.2995176526169,-33.5912677499698
23.31070907229,-33.6504033972052
23.3995383756002,-33.5770053872551
23.3842660349924,-33.6221342856725
23.3578607706353,-33.587872921843
23.310332846392,-33.6093965743082
23.3461158164022,-33.5998884172467
23.9149049669569,-33.4468921512616
23.8863843017127,-33.4507644117288
23.8502890484658,-33.4648544661887
23.8988980415016,-33.368638525106
23.8769005496343,-33.4414118467774
23.9115481100193,-33.3876198076215
23.8753942354071,-33.4454846013365
23.8658507622369,-33.4161730450317
23.9091878122222,-33.4509189288123
23.924619694938,-33.4531071700854
23.909828701443,-33.4565411409335
23.954130931897,-33.4206218690081
23.9827726311785,-33.4227352276612
23.9618758156272,-33.4050719619655
23.9686401270041,-33.3922966829977
24.0117132079332,-33.4389098904803
23.9622008712227,-33.4808281926223
19.1770437333472,-33.6857978792256
20.7990825485028,-33.7856521450263
20.8659107009443,-33.7149379132166
20.8517769508799,-33.7741180910692
20.8353525996394,-33.788038122802
20.8611123795267,-33.7065867526187
20.7894436808201,-33.7693194262543
20.5969983724755,-33.2721151251057
20.7481399878626,-33.1910276392298
20.7454366217516,-33.1739457557163
20.7672865145914,-33.259422776687
20.7240397497994,-33.2717472175397
20.6851425771918,-33.1765935885152
19.4916904640142,-33.1342276795711
19.4754523070445,-33.1896530848193
19.4901359633459,-33.1830711859279
19.473187441351,-33.1646537766922
19.551244792535,-33.247748869772
19.515708324031,-33.1734659666018
19.505170361653,-33.2406431992697
19.4511278874007,-33.1885365468404
19.4886561657498,-33.2256769713331
19.4387133267671,-33.1559533688454
23.5408126766635,-33.3477142833471
19.169364327426,-33.7013203282085
19.2027029463732,-32.4604625476515
22.1880789336068,-33.3391530861537
22.1665118548106,-33.3353401263383
19.1400889467355,-33.6380160168149
23.0055494764372,-33.574673715434
22.9196968631912,-33.5617243237133
23.0018917221901,-33.6397891373765
23.7581338058626,-32.969848458171
23.7181689494774,-33.0455824351283
23.7731126330205,-32.9687965838816
23.7084016361134,-32.9959169102785
23.4577160581825,-33.4431616224702
23.4647261613607,-33.3598447633022
23.4171185784833,-33.3805349331508
23.4585165293533,-33.3896786288517
23.3931958515552,-33.3518891147031
23.4161277120309,-33.3926470116871
23.4542040401474,-33.3648054668373
21.0501217857738,-33.512971991524
21.0838908750984,-33.470566386763
21.0626354342615,-33.4747278844463
21.0136168335109,-33.4921826758413
21.0797082212279,-33.5447296047927
21.0865362442526,-33.5136649474912
21.083923793842,-33.5242471792903
19.5394157047561,-33.2458487457632
19.5026062401896,-33.2114775611535
19.6720415815515,-33.1072759418311
19.7015956002,-33.1762550473838
22.2027254520664,-33.364800015838
22.1906602342473,-33.362115280671
22.1418423211948,-33.3331629537289
22.2082544421805,-33.4125999706247
22.184155401038,-33.374909115632
22.19823554858,-33.4094520722135
22.1471231220261,-33.4023238565671
22.1984039214104,-33.3510283629186
19.3599649806581,-32.9936807335959
19.3025196074638,-33.0013237132364
19.3589579837769,-33.0629239265202
19.3655788064525,-33.0266844118498
19.2975628410894,-33.0102383749158
19.3618284038771,-33.0231564005884
19.3518990053014,-33.0492656033523
19.2672952240667,-32.9638471317273
19.301547795874,-33.0404900971819
19.3288240439854,-32.9751485279481
19.3295808049897,-33.0190792475381
19.1618762683729,-33.6976115464168
19.541905034422,-33.8895857926096
19.5443904733565,-33.9764979903223
19.5475012985542,-33.8775472813156
19.5207367861438,-33.946550169644
19.5922937163274,-33.908632938846
19.2890792286164,-32.5249080437516
19.2508006521882,-32.4968310559356
21.5014792320729,-33.3664132804432
21.5418176690527,-33.369235637729
21.5054207169712,-33.3742890504887
21.5015173242502,-33.3079212601976
19.2603455862495,-32.3367423158287
19.2611978950677,-32.3598071149
19.2800031140782,-32.3646889977194
19.2482173413336,-32.1711878604637
19.1922217821768,-32.1746227362548
19.248982648855,-33.3597926489292
19.233025204421,-33.3262749885647
19.2422799242941,-32.3761075871484
19.2702484988617,-32.5030182782737
19.2311664393927,-32.5103276093239
19.2209294937412,-32.5127279298985
19.181741832086,-32.5606734191449
20.6283868596814,-33.2795967203341
20.7819159669383,-33.443765071528
19.608231794902,-33.1619846696873
19.6496114584692,-33.1796097466387
19.6374079194785,-33.1359217427568
19.6697711344949,-33.1905792510994
20.672288963926,-33.4238529090174
20.6757896206724,-33.4199325914568
20.6228551159465,-33.4707485159189
20.6831719076288,-33.4667719071348
20.6419041712991,-33.4279975237371
20.7197142583989,-33.4284298361317
20.6717488920475,-33.4303191397721
20.7197045199908,-33.4712271254529
20.770240190575,-33.2934524986214
20.6252437735702,-33.4717725989428
20.6446567334616,-33.4268888398306
20.6528487824892,-33.2338796734194
20.4126602264987,-33.3367530910997
19.7143464175855,-33.5699195430931
19.4253382128776,-33.0327753235484
19.4099567236966,-33.0339781561159
19.3590397070972,-32.9926447609737
23.3885107765832,-33.5744658747474
23.3853509440654,-33.5824857424236
23.3324188188958,-33.6092707826161
23.3188438451123,-33.5921105108131
23.3134949780469,-33.575036778681
23.3528541079675,-33.6275899018933
23.3368707261132,-33.5770205576159
23.2927240160656,-33.6235859815284
23.3460688195694,-33.626587779968
23.3580864709514,-33.6058263094127
23.2768849527965,-33.630427249807
23.2956211461666,-33.5952419501916
23.336516993503,-33.5919251614027
23.3056361801411,-33.5759301432399
20.8213708029752,-33.7366240319182
20.7548579171673,-33.7498999402403
20.8128873649658,-33.7416208494707
20.7605652834829,-33.7172947688998
20.7917482278682,-33.7405483919709
20.7285540198154,-33.7725599665475
20.6015915010693,-33.236381831007
20.6173634116809,-33.1882824108451
20.5699837115259,-33.1924466837253
20.6500129124625,-33.1925684687682
20.6749188225166,-33.2125782501594
20.7078280295152,-33.2377072461928
20.7533278511307,-33.2253553014267
20.7046519692726,-33.1976212306973
23.8349569137973,-32.9862330830554
23.810301355185,-32.9703725803709
23.7949003254213,-33.0464532024878
23.8408712998592,-33.0489382747571
23.8905414184584,-33.0688824350844
23.7506759354733,-33.0738545059263
23.8061663712664,-33.0533944136519
23.7213383969291,-33.0581041878136
23.7389238978439,-33.0914915095605
23.7304141203389,-33.0833568696687
23.7580065490287,-33.1285117149883
23.5397187930262,-33.4220976799484
23.5199235401228,-33.4120290314229
23.4949340142411,-33.3896484131199
23.4742548211013,-33.3850892211647
23.560054164309,-33.4003680356425
23.4761012742445,-33.4305305053638
23.5652322114846,-33.3735031010331
23.5091176715801,-33.4133051275257
23.4681580665604,-33.3538002370708
23.4742646712559,-33.3811608690853
23.4992882125853,-33.3481881454308
23.5042677841289,-33.4325468698023
23.4623255385067,-33.4360681990116
23.4482540798866,-33.4266363526192
23.5126523682791,-33.3707494969693
23.427193408981,-33.4265969502303
23.5069245023318,-33.3740732298727
23.4981366057582,-33.4307307397648
23.4109606246772,-33.4414473798183
21.5007798215598,-33.6402480383032
21.5238463405976,-33.6093797785993
21.4800495423879,-33.5952217434254
21.5168541467627,-33.6338166802712
21.4984295994052,-33.6193191137658
21.4558086930615,-33.5637979037855
21.4406889784262,-33.5914797029226
19.0864040632229,-31.7710009908509
21.0289873808417,-33.4928647567396
21.0503504942097,-33.4827287307587
21.0232746152328,-33.4701761394367
20.97209272407,-33.5041682374758
21.0201713753595,-33.5365507959966
20.9638287415215,-33.5157182933167
21.3539607854691,-33.5780334141963
21.3395768162393,-33.548544500743
22.2235711668962,-33.343999881193
22.2002048797476,-33.4217156830831
22.2055808022822,-33.4212301768018
22.1923958666148,-33.3853260707957
22.1544106349275,-33.4067140368149
22.2000647637249,-33.4146968079712
22.1786788100731,-33.3343686748752
22.1260135845252,-33.3663701081463
22.156936575625,-33.4069281176711
22.1715882426304,-33.396214154587
22.1497046662802,-33.3755580884422
22.1344287983235,-33.3504221950974
22.0981215531081,-33.36771255654
19.411118279404,-33.4903643730776
19.2048448244314,-33.7784777590818
19.1882226848881,-33.4638287883596
21.1063374609771,-33.3972891783342
21.1873230680171,-33.3757263621949
21.1922084562248,-33.4218000891703
21.1950726004271,-33.4220497483759
21.2024400637867,-33.3588278976753
21.1961331986571,-33.3463089353415
21.1633950673947,-33.3821718347353
21.131605814917,-33.3377811544025
21.2313251610202,-33.4124808448731
21.1917345320071,-33.3263406008958
21.1852031719116,-33.3852602690979
21.2053518731837,-33.4188418896561
21.1609320281175,-33.3914149140483
21.1913256404241,-33.4009789376679
21.2639421424483,-33.3226833204795
21.2087083853074,-33.3583545385151
21.2420506976162,-33.3446834371182
21.2245019475799,-33.3248899811703
21.1607651030262,-33.3762273271456
19.6235568255951,-32.9946359161027
19.7110857503899,-33.0029255248754
19.6421549860444,-33.0225510709015
19.6351287392267,-32.9269796063332
19.59629726097,-33.0014286889731
19.6447391010513,-32.9879274995271
19.6315061839261,-32.9460097968252
19.6811846425189,-33.0391613478753
19.6185400773352,-32.9707152477055
19.7057660203575,-32.9502335415558
24.3172971879867,-33.5672029972215
18.6919725369206,-32.7698277060063
19.4038026831616,-33.0557832068912
19.3458266909505,-32.9877748583126
19.1742898019663,-32.5879278739766
19.2399683330496,-32.5783069206021
19.1957518541022,-32.6126094289888
19.5064062342803,-34.2032083516056
19.3482850392553,-32.6269098510146
19.3365408946556,-32.6272778121521
19.3738002457656,-32.6315856456505
19.3275283002984,-32.5789970101892
19.4337585967629,-33.4725198646375
19.4291530953896,-33.4355890580024
19.4454517851015,-33.4578105762824
24.1319701747485,-33.4466795543321
19.5708104881494,-33.8749601595392
21.0328197235669,-33.5388403957747
21.0372407299644,-33.5479282250423
21.0425324613062,-33.5299743638997
21.0194063153882,-33.5470665628351
21.0833141807374,-33.4990720656393
21.0252957241348,-33.4852269313169
21.024215403757,-33.483033012621
21.1008603761354,-33.5444369582915
21.0671215369515,-33.5634359829883
21.0655025123452,-33.481423959829
21.062225537249,-33.500371750351
21.0021645979752,-33.5598247055067
21.0437718740207,-33.4774907275672
21.0488723848388,-33.5397785008755
21.0710148649803,-33.5333162459227
20.9760813409687,-33.5130365059869
20.9796780042387,-33.5381220388786
21.0691302942308,-33.5583571809102
21.0420611187024,-33.5354386976799
21.4047136628171,-33.228464863589
21.4374568914901,-33.2207717471403
21.3880735614701,-33.28250688308
21.4091025493545,-33.2790726707727
21.3324273697399,-33.3057013227716
21.3488246331475,-33.2499038243368
21.3668538578442,-33.2906259226565
21.371640055459,-33.2767863234534
21.3293181008502,-33.2982007940392
21.3235521280207,-33.3218098227111
21.4822988085401,-33.373340028882
21.5064224821171,-33.3752745436123
21.5133151585692,-33.3441025673999
21.4531829044474,-33.3247727411296
21.4628303563864,-33.366215455954
21.4656803263406,-33.3066976726521
21.5193915152131,-33.3936627946487
21.4797077361503,-33.303416756277
21.4757502972093,-33.3086263173521
21.4702406775961,-33.3679940446671
21.4903326324654,-33.3438367993357
21.5083568849005,-33.361166188118
21.481048008292,-33.369916959988
21.5312404485437,-33.3436960194214
21.5447544764923,-33.3152950150846
21.4873998330849,-33.3225997286513
20.7034801773437,-33.2975136741325
20.6770360413659,-33.220147227103
21.3481114757946,-33.3793961179006
22.1084023188138,-33.2815872004358
20.7989112385847,-33.4563623659323
20.8163432436939,-33.4595800032858
22.1616310680714,-33.3393021735521
19.2277365038702,-32.4403797868555
19.2453991788571,-32.4650855910154
19.4263242439926,-32.9507098117388
19.4308232506235,-32.9339210508326
19.4241776357143,-32.911593042383
19.3594241485614,-32.9555404471838
19.3716684047934,-32.8999416465033
22.2163773077269,-33.2450391133371
22.2554461289375,-33.284076092694
22.2737887639283,-33.3197000391566
22.2151557384777,-33.2970252115196
22.1638750573005,-33.3084374693008
22.1684759246242,-33.2612899450222
22.2226432798178,-33.2820924782959
22.2073517291173,-33.275099190101
22.2098262123996,-33.3359904436796
22.2449230656456,-33.2598015165003
22.0035752987684,-33.2494306177422
22.7662398677133,-33.6038893054231
22.7628375351922,-33.6126897660149
21.4485817985487,-33.3019452397925
21.4610643264995,-33.3473051855312
21.4619129094779,-33.3816944390395
21.4806100345152,-33.3131076689633
21.517916294056,-33.3221611404504
21.5084869645974,-33.3146957569848
20.6245077945412,-33.5184434497635
19.2882927509592,-32.5043304732098
19.3653801431879,-32.572061395445
19.2068336852733,-32.4257451706297
23.0181456177831,-33.5445868354513
22.9315941550406,-33.5645612571658
23.0356064065266,-33.539781880268
22.9626211558226,-33.5935301768444
23.911511558136,-33.5849594487864
19.5782393256555,-33.2228442282918
19.8580888888034,-33.683174678347
20.6693165792915,-33.4293848985898
20.6833035229006,-33.4934129713643
19.2730244029955,-32.3036174535948
19.1610100735248,-32.3468526836262
19.2037244979199,-32.3162753480114
19.2267952993559,-32.3310661618515
19.2521672700299,-32.3323895134096
19.1814063510419,-32.3672570477082
19.2365392236319,-32.4001870197635
19.2215805552453,-32.4909143275357
19.1651793677825,-32.4795787418456
19.1791722882836,-32.4883995858169
19.2805041923382,-32.3987156866994
19.2550693794434,-32.3720640017363
19.2872631877763,-32.3847198358505
19.1392071802895,-32.2211011819747
19.0948300383426,-32.1426942445244
23.8099780963529,-33.4143896126152
23.8307776038675,-33.4549164301203
24.078383057775,-33.0494045647084
24.0844390825332,-33.1059402488275
24.0756127658756,-33.0935635558423
22.7394253681357,-33.6269387226143
22.8070073253299,-33.530117232591
21.4800271508218,-33.3132882101051
21.5469241237296,-33.2962533155187
21.5060971656172,-33.2984976272975
21.5401612188555,-33.3368397204029
21.5365870561208,-33.3832194610527
21.5489077289672,-33.313676814218
19.2283666741029,-32.3821173824082
19.245107120403,-32.3874885973624
19.2452295548562,-32.3238943384717
19.2600952315797,-32.3520425129543
19.2942327037323,-32.3261369755724
19.2292339961939,-32.4055166008546
19.7772089030444,-33.6288605439635
19.8567691617544,-33.6006854854776
22.7635284830937,-33.3381089298436
22.7761500724162,-33.3954212453057
22.7767390380195,-33.378161272036
22.0884474316463,-33.3158947108286
22.0575857824199,-33.3049892371474
22.0840034127804,-33.2280250663357
22.0748547850233,-33.3341538289421
21.9564707614882,-33.284406724995
21.938885987916,-33.2467662353571
22.2189816803886,-33.2457238789658
22.1593417139119,-33.2664090160672
22.2932534249406,-33.2599100053822
22.3146414193026,-33.2442683697584
22.3148331896672,-33.2810060652522
22.2760078711753,-33.3108796308617
22.2670114612569,-33.2773394171456
22.310208503441,-33.2840492674559
22.292513423658,-33.2555039115948
22.263153137016,-33.2446181075395
22.2950546241589,-33.2952612831314
22.3869304674351,-33.3392329469835
22.4412247114294,-33.366815758613
22.402238337935,-33.3558613875108
22.4409169393395,-33.3369901964004
22.3698451464074,-33.3161984144748
22.353227113652,-33.373286866418
22.4418821171504,-33.3440384296589
22.3509354641698,-33.3191160077518
22.4310880498635,-33.3636176151383
22.3531344210199,-33.3770898641358
22.2293781254198,-33.326795087115
22.2960768542336,-33.2976284557107
22.0421522067152,-33.3342722655274
22.0406459966879,-33.2634270509369
22.0503655148624,-33.2965220156368
22.096743330771,-33.3091201145518
22.004121064717,-33.3093259658376
22.09427881723,-33.2669753128207
22.0070518796407,-33.3405552743328
22.0620619517118,-33.3281339610378
22.0360677379332,-33.2897416413939
21.9559202842851,-33.3318105688198
21.9801008994776,-33.2334253661223
22.2320554592488,-33.2555323240711
22.0712515672278,-33.2531746999361
21.9896659702725,-33.3408736342461
22.043936561063,-33.2923360163271
22.0382262671907,-33.3449095416992
21.9859959254685,-33.268913288992
22.0122311274428,-33.2585885737957
21.9430908009586,-33.2452513164467
22.2853989154324,-33.287197812397
22.2304740297235,-33.2682472399174
22.2166401788796,-33.2763840731718
22.2808829220803,-33.2793377960948
22.2337166557164,-33.3337403331307
22.9362471136545,-33.3909628951354
22.9456426715293,-33.3767461857852
22.9069589190147,-33.3776695555281
22.9122819053745,-33.3675485034324
22.9155184721136,-33.3734308197555
22.9340435268349,-33.4144632998082
22.8998666239344,-33.4079489576807
22.8138224394004,-33.3276688588923
22.7707737500957,-33.4047064892445
22.8051104485858,-33.3490719143358
22.8308826253592,-33.3249901091848
22.8268333549901,-33.3706698633823
22.8670670985757,-33.3686885732878
22.7966739414978,-33.3891229701871
22.8432854196206,-33.3976428932324
22.8377916616471,-33.3248424409832
22.8751522480929,-33.364144719502
22.2291900341949,-33.2249879488033
22.2565598643227,-33.285483646471
22.3108983319569,-33.2516679042326
22.5144069534885,-33.3220332637737
22.4887588932319,-33.2855373409986
22.4495900803189,-33.2965963156895
22.4690924222469,-33.2941110159308
22.4617143441439,-33.295959650142
22.1163865281045,-33.2755586410817
22.1273586835898,-33.2827805863554
22.0689633917968,-33.283024370771
22.052934225862,-33.3244334510658
22.0953106517335,-33.312208643373
22.4482391682277,-33.3495873177565
22.4794100820553,-33.3887020624577
22.4929606500342,-33.3693744217175
22.481758957388,-33.3301571803625
22.43126697346,-33.3850021854854
22.4383223409355,-33.3617557892455
22.4466336832297,-33.3189561122096
22.2077099674047,-33.2950518594785
22.7773842289663,-33.3458342854007
21.4911428366434,-33.6724038005546
21.5048752039634,-33.3916026123547
21.4900198522582,-33.3831172541613
21.5312587890727,-33.3692070072424
21.4521323294193,-33.3346355877342
21.4950055578762,-33.3160878677387
21.5236811678427,-33.3661484440332
21.5065031529385,-33.3422466144032
21.4638695895356,-33.3067878408153
21.4470200148291,-33.4265037546372
21.4629833053871,-33.3869361589487
20.7240368842604,-33.4147032597409
20.7473616126626,-33.4349019908672
20.7310984503971,-33.4212711851104
21.4594815481101,-33.6098799729086
21.5101472314437,-33.5700465409682
21.5931315293637,-33.6155608785953
21.619665306503,-33.6086205497944
21.5339300355268,-33.6419778108784
21.5404649929599,-33.4063790249424
21.5700401332918,-33.4047226842678
21.5035364830951,-33.3704499580654
21.5096237751721,-33.3979586443156
21.5406102419385,-33.337195793312
21.5003515770137,-33.393304978446
21.5738301952508,-33.3595216843792
21.240060122924,-33.3379681524589
21.4908034848822,-33.6304564110935
21.4616075143955,-33.6162490219288
21.5673653253131,-33.6125596224396
21.5291106260716,-33.645773167709
21.3044326319676,-33.3858155359515
21.5955076108184,-33.5866279927725
21.3414952766942,-33.3767038441347
21.3556202101317,-33.3295463856012
21.3189769431735,-33.317730881175
21.3963665309231,-33.2843355819639
21.3323122492888,-33.3245276896153
21.288204807804,-33.2601233360693
21.2783855291409,-33.241859212893
21.2874509380552,-33.3111530847996
21.2937636856818,-33.2646511970963
21.3187860143258,-33.2705120148434
21.5321303292037,-33.3376320225475
21.5447548950016,-33.3066145039806
21.4711115565057,-33.3794500905172
21.4289591620862,-33.558170776342
21.4518794139018,-33.5514806709178
21.5171652250914,-33.618027325402
21.5543218931313,-33.6341568878936
21.5823410281521,-33.5872500472981
21.5394756444823,-33.5747373659899
21.4479825587803,-33.2895364772788
21.5041806670055,-33.2907575093694
21.4105418064435,-33.5444115454248
21.4141414230159,-33.5766211495008
21.3207343476592,-33.3939527318086
21.3333085500859,-33.3496231995504
20.7276260114192,-33.3059741400043
20.7714190334846,-33.2704326201854
20.7631795415972,-33.2925060478748
20.6662097844016,-33.4171836956366
20.6453562445036,-33.4392122866856
20.7566542492295,-33.4103938940177
21.1144639997417,-33.420529643273
21.1223902518601,-33.4092881275807
21.0922966806646,-33.4076512040123
21.1739061701139,-33.4136860952461
21.1228251116137,-33.3499248846759
21.6119805358128,-33.3525307302623
21.6545162874861,-33.3349252609564
21.5674632296256,-33.365642379091
21.6286877233228,-33.4141034899046
21.6070852266262,-33.4123799141133
22.130833417126,-33.3033756923238
20.5913532597953,-33.4444982293546
21.5188582899244,-33.3476768708165
21.4739638875575,-33.3374445407176
22.827245316483,-33.5678031392628
22.8140688206722,-33.6282876274212
22.781911074576,-33.5565880671526
22.7964923504052,-33.6275518415151
22.7296427159375,-33.6082346404084
22.7328139687385,-33.6174622899042
21.7802743094591,-33.3453154019871
21.880153556753,-33.295927969887
21.3984648799123,-33.3616218144121
21.434187125923,-33.293484578765
21.5087203949206,-33.5935829314916
21.4737470128377,-33.6094729982521
21.5389877116467,-33.5818134624892
21.5294280115142,-33.6646052995707
20.649717455035,-33.4819920647647
20.6227706573754,-33.4483068974008
21.3739873182104,-33.3613616830529
21.3320902944515,-33.3511192667428
22.1372476131069,-33.2582775299186
22.105645540011,-33.229222981629
21.3619100385048,-33.3824450507871
21.4141812722292,-33.4427671288373
21.3770817572045,-33.41440499146
21.3214619244961,-33.3425405854843
21.521668032108,-33.3424942617631
21.2190891022375,-33.3812803880936
21.2840630944333,-33.3393474557297
21.2267514729508,-33.393171378892
21.2513964927644,-33.3430360837056
21.3973158288906,-33.2181876743614
21.4066559589105,-33.2122540756902
21.3490675973975,-33.2388413675092
21.3356348947072,-33.3470913424847
21.330648165943,-33.3386995056327
21.5093878695919,-33.3299916868164
21.5037031982784,-33.3845985878129
21.5183597868188,-33.3844477853794
21.5103965864786,-33.4002399134076
21.4884208343308,-33.3834938592958
21.5408948685024,-33.3790099098039
21.3293394623353,-33.3379927924313
21.3966825715889,-33.3819414153043
22.8315720380657,-33.3438653777428
22.8234924363437,-33.3551295984136
22.8093795607164,-33.3979844620274
22.7600639094365,-33.3513813883214
22.7571243012435,-33.3971268812987
21.4920576839186,-33.6200410607383
21.52070628108,-33.5655193718364
21.5312107733964,-33.5632473922727
21.5257543204008,-33.5515561194317
21.5231705213628,-33.6225085855815
21.5860399270523,-33.6024872235917
21.4095800030026,-33.2843729228973
22.1160842558165,-33.2935371630377
22.1708607687232,-33.3102729310413
22.1497703653331,-33.2369528889162
21.2531839455385,-33.4391262856889
22.9473801060497,-33.5341668701479
22.9409478348558,-33.608838179443
22.8972236182018,-33.5352432890115
22.9890751864557,-33.6181661308874
23.2755661775722,-33.3126475229543
23.2873044631705,-33.2950061860569
23.2602526526387,-33.3661944492123
23.277358890199,-33.3757704838635
23.3062936645412,-33.3672344734371
23.2888907284028,-33.3780643074717
22.7469939470953,-33.3748354288181
22.6988314622398,-33.3563599058325
22.7176962917484,-33.4035161500749
22.7034982764236,-33.3286178154824
22.1303276602263,-33.2610249952152
22.1843161643706,-33.2858546264665
22.1480059052679,-33.2427115812433
22.1673915233016,-33.2777259543593
22.135771680166,-33.2483855683291
21.5634079815886,-33.6062313207686
21.5711832273463,-33.615152934025
21.5458483142219,-33.6085640272852
21.6341004410991,-33.580802431507
21.5183527725684,-33.6215860689906
21.32392684896,-33.368880320659
22.6900999748855,-33.3324587298938
20.6631239467542,-33.4467542081055
22.3387606880014,-33.2810480538094
22.2184754013075,-33.2507645324747
23.0041661015452,-33.6207486002316
20.5826241063764,-33.2979402555619
20.6101319922787,-33.3298048968175
21.3175392040116,-33.2776455487815
21.2910641454719,-33.279160255042
21.3060580710928,-33.2157553972107
21.2481944554523,-33.2697635382135
21.804786950333,-33.369297850944
21.8253797357967,-33.3183218737812
21.7558200357147,-33.3008968170184
21.7545450039339,-33.365335144923
21.7827595060906,-33.3522556613134
21.7553362493478,-33.3354049426188
21.8433366027457,-33.2897511139364
21.2598514211346,-33.2514796798723
21.2309948580823,-33.2176511760968
21.2802487428504,-33.2748570134863
21.223433217952,-33.247444603487
21.3032846530182,-33.2138301819954
21.2395984469346,-33.290597034853
21.2828057009419,-33.2629967304916
21.2733100529714,-33.2608317962075
21.2266661632731,-33.2727763498127
21.2941945454702,-33.2591590142119
21.3889895134065,-33.3178738270466
21.412631613438,-33.3342400419256
22.8220246530409,-33.5744428300839
22.8671277627292,-33.6232891334109
22.8680780649716,-33.6158461983017
22.8533192279115,-33.5793142792108
22.7672184401797,-33.5666103855641
22.783629238193,-33.5607245770516
22.7833388262968,-33.6331154404748
24.0871007731362,-33.4584382607359
24.1442426553202,-33.4794152717582
21.1742322374312,-33.3442911911075
21.1293231571568,-33.3843257257678
21.1636635001608,-33.4056539008711
21.1383350831736,-33.422003633013
21.1100720505863,-33.421411253401
21.2091139112115,-33.3500906131146
21.1340817433921,-33.3537110739676
21.1710679043383,-33.3774762698784
21.1637767921993,-33.3565142000308
21.1729876551582,-33.4110656783423
21.1228315624389,-33.3337993724681
21.3969818570158,-33.2186183350961
21.4331441912417,-33.2443341021818
22.2847188407332,-33.2920188068514
22.3354371929719,-33.2832688599107
22.3669904465954,-33.2799393919502
22.3610220029979,-33.248138473682
22.3635952452514,-33.2852053349316
22.3457546797014,-33.2376015414419
22.4030803999714,-33.323247037841
22.3879101662617,-33.2766585887083
22.4011416364665,-33.3361801831015
22.4662910520964,-33.316439891057
22.8903820390961,-33.5956764076707
22.9563224137276,-33.5731213642313
22.9477387856152,-33.5297042964297
22.9264919774299,-33.5780979679097
22.8823535553812,-33.5494854998031
22.986158283444,-33.528946186402
23.0208463251377,-33.5735553311631
23.0039829207453,-33.5392501983959
23.0409795257095,-33.5860503263482
23.0782236586484,-33.551733942425
22.9864963258271,-33.5364565005479
23.0597999074478,-33.5244543660124
23.026226155378,-33.5329183578183
23.0237788918698,-33.5394586286248
22.9991507716719,-33.6073197716074
22.9185277011617,-33.5649486958851
23.000304132523,-33.5989634339913
22.9420406831289,-33.5794541620026
22.9491253625619,-33.5428125379692
22.9189268319244,-33.5407359114587
22.9564847086202,-33.574108149076
22.9561174517777,-33.5809607918086
21.5400252173812,-33.3162251424398
19.1900030376502,-33.058211799426
22.7030503498557,-33.3576771634426
19.3463648518724,-32.7127765616606
19.3755839954317,-32.7431594427563
19.3665876864026,-32.675429772484
19.3824488324328,-32.7525905249771
19.4486943111774,-32.7450235789922
19.3950976863959,-32.7352339680725
19.4466082817884,-32.7407461426249
19.4430826638221,-32.6376778909909
19.4701616904317,-32.6755714790198
19.4042918556323,-32.6804112940142
19.4430546597336,-32.618502966134
22.0490961299288,-33.3183122929632
22.055061935367,-33.2832479158473
20.0538348930702,-33.5269944388195
20.0519082649704,-33.6105183956195
20.0350808291071,-33.5807954375744
23.6327802327275,-33.5726887963376
21.4610998975933,-33.355348041759
20.2839416773273,-33.6106749565116
20.3589396557789,-33.543169492402
21.4422019586908,-33.4100194710196
22.0669382619681,-33.2412191207697
22.1208406836512,-33.2743643110684
22.0765494829108,-33.2775787167997
22.0960167390713,-33.2613750874912
22.3988931747404,-33.3167945594946
22.4397948647533,-33.3668468176341
22.4106203468647,-33.3985371678909
22.058529219402,-33.2858729180182
22.0389580514338,-33.3530848151241
22.0239636766241,-33.3595763181792
21.9973862066482,-33.3169706487274
22.0320239135287,-33.3220528889876
21.9580826229061,-33.3661437212378
22.0079137917022,-33.3407928991169
22.0244900375382,-33.2489511136357
21.9662695225663,-33.316560590108
22.0320869546336,-33.2872561890791
22.0603326238877,-33.3289585720907
22.3823046188233,-33.2842786162049
22.4072013937122,-33.3491495205564
22.4479862464722,-33.2887445620364
21.9356412793863,-33.2543031439139
22.4981310822507,-33.3777075813347
22.4730926881759,-33.3137453800309
22.4877517436203,-33.3329548436393
22.9289448073051,-33.4256699540587
22.9274752552072,-33.3525421475815
22.2856926345564,-33.2749737646151
22.2110042011971,-33.2296962503279
22.2990863474309,-33.2348034502418
22.2301603279746,-33.2950943244724
22.0387089569169,-33.2407369572092
22.0819890313596,-33.3235679778895
22.1162420255012,-33.302128495479
19.2577595107657,-32.4511929109757
21.4834640639108,-33.3397499954597
19.5758113880046,-33.8913346052123
20.6135850450415,-33.4570991981635
23.0130011179634,-33.5745692643635
23.0034336482025,-33.5685189780212
22.9353434766317,-33.5745578371482
22.9777762014196,-33.5915408382565
23.0180001826501,-33.5481891010525
19.8201918625961,-33.6205842712168
19.1700717490818,-33.1177346921283
20.3842671878943,-33.4203765724954
20.4841452411693,-33.3321606323096
20.397064640507,-33.3451409640265
19.4076591624375,-33.0171718810973
19.5014081000863,-33.1985480651828
19.7088571763589,-33.5326038280428
19.5255474501792,-33.2439749086871
19.5211183385867,-33.2134116937668
19.4959407976559,-33.2566759527783
19.5584877423187,-33.2399412048831
19.5762360681425,-33.1564888963429
19.5764000804871,-33.2087078468679
19.5163351760665,-33.2018341531446
19.4956644230643,-33.1743160355706
19.5681318803505,-33.20417635726
19.527705526499,-33.1732327015707
19.5088982598902,-33.2174610038166
19.553879565455,-33.1881195423789
19.284686202865,-33.0996512184208
19.2811598457191,-33.1184639294259
19.2458933171798,-33.0679040245385
19.3002663780572,-33.1288505805032
19.2804035319724,-33.0767357576611
19.1958517423365,-33.1180865994301
19.0883852391988,-33.3865503266351
19.1465549511509,-33.3852913938648
19.1827657125639,-33.0836749834371
19.1903420891623,-33.0464975003443
19.2564196144221,-33.0666774706206
19.2242262067478,-33.0606507350719
19.4314596066866,-32.9386724276207
23.8042236050917,-33.0140050355132
23.7181392966164,-33.2949882646967
23.5929028689665,-33.390350887457
23.6024570802255,-33.3774950815151
23.5691237061676,-33.3568794435086
23.5463122779066,-33.4399348296459
23.5020171950619,-33.385172560108
23.5033067117454,-33.4451999527225
23.8741481834055,-33.5855784644717
23.8017029651906,-33.0520495910337
22.9757103723819,-33.5498939943137
22.9372748240335,-33.5958927045846
22.9816229003016,-33.6121773244701
23.040556214517,-33.5595752423573
23.5787896263516,-33.5512281970029
23.5905365509559,-33.5987634645216
20.5976595733092,-33.1934365933146
20.5980775700388,-33.1808995822985
20.5882635335336,-33.2153344789456
20.6363023411342,-33.2731452349853
20.6332904198757,-33.2507730224514
19.7286943433341,-33.5726085543725
19.6905874913185,-33.1359733867766
20.7227739175958,-33.2970271577314
20.7435705586476,-33.2278072255113
20.6819187605092,-33.5004994763573
20.7059198826478,-33.4725220201965
19.5109187838101,-33.2252830882119
19.4834005562728,-33.2433010382381
19.5641200671493,-33.2383267032112
19.2943586052982,-32.3523612943263
19.2075197171234,-32.3951131992843
22.1736280186753,-33.2617253435719
22.0660679689423,-33.2764283332675
22.1766101754698,-33.2736744157095
22.1979750350509,-33.3107889808957
22.143008006934,-33.3006559093409
19.6715334221851,-33.1063012343292
19.6636605768054,-33.1119126735051
19.6971736519309,-33.1643652531523
19.6772964217374,-32.9501014784463
19.8427106255814,-33.5181304527343
19.8158897211318,-33.5151535836411
19.8411880970597,-33.4537372502834
21.2475025173556,-33.4127174697527
20.596455082003,-33.4816960048173
20.6347046182742,-33.4375783830201
20.5992982039545,-33.4640562030515
20.496489430137,-33.2636592090716
20.5601511299341,-33.427643885769
20.6127381059286,-33.4729783228264
20.5789722105414,-33.463664741219
20.6046083085993,-33.4359777619038
22.1347071950958,-33.2914645267576
22.0756356639936,-33.2367617100365
22.0883299829885,-33.3246490300139
22.4036228249883,-33.354635787798
22.4562968610385,-33.3926754894238
22.462717236057,-33.3896881258563
21.9945782671784,-33.377471319274
21.9671005607284,-33.3855010279696
21.9955261739147,-33.2917827483873
22.022809030532,-33.3648366998638
21.9601237997822,-33.2856697472035
21.9940855366429,-33.3693545844163
21.9972322483658,-33.2537133181513
22.001027607807,-33.2453430622713
22.0957373924599,-33.2824908416263
22.4212425216204,-33.3242962969645
21.9358402568353,-33.2627624955577
22.5072205543155,-33.3643350566924
22.4428151960978,-33.3923069148707
22.4409767018938,-33.3629737932031
22.6778053288265,-33.3474944749549
22.685022235944,-33.3898169134342
22.6349659563769,-33.4214234168577
22.6329319480137,-33.3930176859032
22.7353644919693,-33.4230687259668
22.6908134415074,-33.3671422569053
22.8568349052193,-33.4067408796335
22.8226601053001,-33.4036734627243
22.8501022587419,-33.4058895975845
22.8783732151901,-33.3548517594886
22.8075377953947,-33.3987424251214
22.7683142753784,-33.4044584407565
22.8351763714627,-33.3913400425295
22.8297070202948,-33.3230993094566
22.9357401366346,-33.3717253822107
22.9345595090808,-33.3552040211762
22.9152830321835,-33.3316832494642
22.8986287173192,-33.3480275914054
22.8736103591453,-33.3590357943707
22.1462738057283,-33.3170602685176
22.158977062651,-33.3258034338233
22.106419007373,-33.3092485183793
22.1327600551639,-33.2788752567199
22.6556251254799,-33.3345976611265
22.6751948698452,-33.355619147935
22.6873427026477,-33.4083227467788
22.678033266862,-33.4020165397767
22.6403600447765,-33.3468667795528
22.6462668117667,-33.4005287156906
22.6438315633312,-33.3889989874801
19.2210839705757,-32.5706882522227
19.1704573168932,-32.5176668432848
19.3170600061175,-32.3770881781605
19.2469317689865,-32.3735121936798
19.2498924436149,-32.5075962981433
19.1749428103603,-32.4611635971443
19.2190608242452,-32.4323820899612
19.1730938196731,-32.4318218531701
23.7709269921073,-33.5647591562728
23.7160048775068,-33.529078614466
23.6702526111063,-33.5599429639662
23.6498870528593,-33.5955645942465
23.721099601618,-33.5555676663547
23.6759460065019,-33.5752368036489
23.8023891498596,-33.5731292855041
23.8782813987964,-33.5518631012253
23.9895700469613,-33.5560648069643
24.0621097080001,-33.6106676366423
24.0659346227087,-33.642306119413
24.062032248821,-33.6639429103221
24.0108495290503,-33.665537340206
21.5204454025254,-33.3671879190504
21.526247899036,-33.3395243175058
21.5230294972062,-33.3156433475419
21.5305125159147,-33.3891601522182
21.5947342680198,-33.3504381292424
21.612410938315,-33.3276483344613
21.67523544754,-33.3668165667598
21.6278282364878,-33.3286361866054
22.4898541464712,-33.3485819650097
22.434610021933,-33.2860256687627
22.4596903006453,-33.3703107820115
22.4725756014697,-33.3598539298317
22.5494407370576,-33.3128186544608
22.5296020379448,-33.3547337805051
22.8523656081204,-33.6508570993002
22.8833227159251,-33.5626540995407
22.858488890211,-33.5775228280025
22.861607203748,-33.5777433316746
22.8812947296929,-33.5587367331116
22.9280648570162,-33.5396805526176
23.0210879515409,-33.5750339703039
22.953866958377,-33.586554300839
23.0031578884953,-33.5751360995761
22.9270248069298,-33.5761659695664
22.9521380930022,-33.5899447190809
22.9923635884645,-33.573334400762
24.0320321815348,-33.6151221891529
24.0205532778194,-33.6482376792059
23.991961028534,-33.6582765400772
24.0668542184922,-33.6736085863746
24.045130188304,-33.5813661779267
24.0023975558113,-33.6141712129292
23.5772117753634,-33.549235473632
19.191334112062,-33.0509928185363
19.2112598574311,-32.9654522779817
19.2044456545253,-33.0014777535639
19.3042145531978,-32.8479892034195
19.2654723673762,-32.810739908415
19.2793693091525,-32.8426684133959
19.2888594229091,-32.8093860771181
19.9291622772665,-33.6433153167152
22.7204476167578,-33.6082598956282
22.7608110880749,-33.583361708817
22.799206056485,-33.6259852534375
22.8741805758635,-33.5830555199264
22.9002410748918,-33.5626807738189
22.9145836198712,-33.5398534559888
22.9310757757778,-33.5289186542174
22.9148346167374,-33.5437348997453
22.3090760909383,-33.2601469276883
22.2479921752838,-33.2336284588444
24.0554533878258,-33.559770820994
22.9726785012055,-33.5728974244268
20.7030843529087,-33.5218892475982
23.0123747087904,-33.587035298749
23.0223945572357,-33.5711657750607
22.9548739966201,-33.6017826574519
22.91569004431,-33.6157182963668
22.9351618417502,-33.6267279818385
22.9144950284483,-33.5401578352246
23.0889393140851,-33.5881704649599
23.0095820427909,-33.5969230864933
22.9993720739224,-33.5481822985886
19.2567220727597,-32.3429003232364
19.2653192716427,-32.3436985796093
19.174158008445,-32.2990054292184
19.2450038379384,-32.2975850574691
19.1604673801512,-32.3089512218963
19.2473105287655,-32.3735337660731
19.2725670002225,-32.3274091864879
19.2323635687689,-32.3024146935577
19.2930432935758,-32.3657201361201
19.1886311321417,-32.4337858628249
19.21980074648,-33.6651566383195
22.0461132080258,-33.2467871569394
22.1085465226779,-33.2792299520056
22.1099746179831,-33.35589289386
22.0528661407522,-33.2559821940671
22.0911185170709,-33.3467547788854
22.0940843092818,-33.3435456657019
22.1020801186841,-33.287700335958
22.0544696669914,-33.2660400444697
22.1029947060272,-33.2637504400796
22.0483578055929,-33.2621173786093
22.0529148347992,-33.2312999165821
22.0515455386239,-33.2560363570303
22.1247956536859,-33.2933810145855
20.6619792327843,-33.4378544176146
22.0861883058976,-33.2775453052139
20.562071498068,-33.4438325796183
20.6047621334149,-33.4794377900912
20.5579157910292,-33.4904552109205
20.6850164725306,-33.458649880941
23.0038427247806,-33.5691306665548
23.0163825731799,-33.6480585992942
22.9155909590553,-33.6023796896375
22.9263828980736,-33.5853710424417
22.9009175882116,-33.5272027273243
22.95498447923,-33.5243226547436
22.9254897967595,-33.5438300049212
23.0257431073291,-33.6171941011688
23.0437594377008,-33.562951035156
23.005559855109,-33.5306750902803
22.9354357564524,-33.5175940594748
20.6529841818231,-33.4671536377967
20.7063560370915,-33.4165910375351
19.7431758674198,-33.4400685781045
19.8193485639737,-33.4858688930459
19.7021725631571,-33.4799540789351
19.443197270969,-33.4193355380893
19.4378450723066,-33.4383723903355
19.4749892147044,-33.4871184585458
19.4273463481134,-33.4916038866491
19.4486550987717,-33.4486316522862
19.4726857003532,-33.4744579260508
19.4057283173046,-33.4474997570888
19.2681493637944,-32.5520473564994
19.3251214117398,-32.5995137345511
19.1955740457466,-32.8509825160084
19.359453837512,-33.4666736590768
20.7153650223975,-33.2458238350023
19.382925240228,-33.9523559811478
20.7090533868046,-33.4180808061763
20.7417235269128,-33.4140729863858
20.7950587427868,-33.4854337538396
19.9561606646664,-33.2626503731068
19.9661710142465,-33.2555766142207
19.9412032881043,-33.195696209371
19.8792982018999,-33.2439578235121
19.9259785652208,-33.2189103956734
19.277413243969,-32.4323081074712
20.5260428950806,-33.2223065123036
20.5896783251147,-33.184382493834
21.4885893096356,-33.3596128284185
21.5093447988424,-33.3498283084287
21.4811064378824,-33.3123095419575
19.7989151905728,-33.4409800612853
19.794903853491,-33.4692185695526
19.7086723237374,-33.4888951517157
19.7428838101989,-33.4783723213532
19.6911148249246,-33.4765283273439
19.8019558667298,-33.4794754917277
19.7991468587742,-33.4708336371184
19.9821658660211,-33.1853755793711
19.8895490524145,-33.2585517924586
19.8851774405641,-33.2436249309462
19.8828068268793,-33.188213958391
19.8497297082739,-33.2441564803292
19.8987322827987,-33.2581075955332
19.9138549231236,-33.2485094710589
19.7836950034053,-33.5242363982973
19.8362952104638,-33.4655429653209
19.6609334771187,-33.0894680075952
22.7847367056784,-33.3656917885123
22.7720317726973,-33.365389484195
19.2122499617365,-32.4157706967081
22.1012917871411,-33.3226234477637
22.1424767531687,-33.292775017527
24.0587081425023,-33.6023540234343
24.0621830326086,-33.5625159057341
24.0976558996579,-33.5428370788907
23.5774962595598,-33.4543096023117
22.2763713075659,-33.3270823884364
22.2500742462762,-33.2575265079774
22.1866351770759,-33.2614780681264
23.7290254458469,-33.5411432832795
23.7350217484384,-33.5414119175953
23.0230858278648,-33.5566194135081
22.9383262987454,-33.5500802909973
22.8975662782733,-33.6042521917177
22.8888935892022,-33.5378442382365
22.8993799366941,-33.5925114032597
22.9031651159796,-33.53070251323
22.8839280136069,-33.5341054074737
22.9970564357956,-33.5702877764953
23.0412705087988,-33.6341745049637
19.4073343798825,-33.4999854767174
19.4243807591191,-33.4663637156067
20.6139226910286,-33.537661937179
22.1173709557987,-33.2781133019329
21.9993200334209,-33.3833203886421
22.0327392410665,-33.288337450887
21.9939595639389,-33.3186271513402
22.3950858307136,-33.2481593493856
22.9064685231949,-33.4152539651162
22.2624129203568,-33.2229808922867
22.0628712441736,-33.2956424011438
22.6933446870847,-33.3921191586368
22.6555156516078,-33.3532592464536
21.7997030496476,-33.293467802681
19.193661222023,-32.5871752315118
24.3058695219001,-33.5563268922204
19.321724974935,-33.4756353875724
19.4079518769151,-33.4613689406402
19.5290194210513,-33.2391471242532
19.5009666969796,-33.1572895794613
19.5762110827611,-33.2276253606928
19.6490686472188,-33.0943585457587
19.4569298516457,-32.7253223986253
19.2413641261673,-32.5655303215943
19.4766810720675,-33.4297606134127
19.4468232023186,-33.4683652058923
23.3328202854618,-33.5932920628339
23.2998535608528,-33.5895559103275
23.3339644219522,-33.615529880518
24.0942283249759,-33.4269205015871
19.5367822418994,-33.1591381278028
20.5330727868862,-33.2443275073479
20.5707803412349,-33.2021698631169
22.0865261097587,-33.3499113523477
22.81593890848,-33.5987468854832
22.8316456063511,-33.5690009139209
22.7940350698233,-33.6280415776531
22.838934412158,-33.5519750916342
19.288297988291,-33.8063908838769
19.2124992584484,-33.6551382623193
23.5086182622518,-33.3686915115752
23.5121026163689,-33.4168984650505
19.9173007982484,-33.6460464241785
19.9386272945489,-33.6399485137657
19.906631718751,-33.6950228377888
19.9282112864432,-33.6824277323046
19.9394394374695,-33.6596972165565
19.8382612156487,-33.7046486860336
19.1868827746623,-33.7342845259476
23.5357911804308,-33.6145325364499
23.6142074270024,-33.6095606527505
19.2221849372815,-32.3648355600153
19.1785130090974,-33.0802369968659
22.1494059280631,-33.2597662386484
19.593816126422,-33.0403835122418
19.6156521019246,-33.0178890460217
19.6093315734257,-33.0442787681166
19.3976306383767,-33.7812504242612
19.1682121154695,-33.0402714760359
21.5304932807339,-33.2947714709882
21.4863819811056,-33.3634820074597
19.3348008257346,-32.6138688118551
22.9627851571236,-33.5553019944709
21.2616497895671,-33.3892697684569
19.4667552318937,-33.0039615922067
20.0329401521534,-33.5653272869866
20.326953261733,-33.5900540683633
18.8188211433376,-33.4912173173521
19.1644927078923,-32.4915495539232
19.2406613232084,-32.4944062816995
19.2449483106062,-32.4559509663274
19.3648248204589,-33.8176289438409
19.9182062393073,-33.2679700838188
19.9381015304866,-33.2198593400634
19.9044564427249,-33.2749810743108
19.849187050458,-33.2746398015926
19.2610126701035,-32.343320248207
20.6437450526618,-33.5000924276569
19.266779131689,-32.3818755626213
19.2288772861985,-32.3898945708507
19.2332812886732,-32.3832818903578
20.580129565685,-33.2336201404183
21.4664046465661,-33.3919585000529
21.4903082686868,-33.3853074413658
21.4745811690521,-33.2956461001607
21.5318082821713,-33.3436356104574
19.7031930476595,-33.1851811254938
19.6148500490803,-33.112324048861
19.7837043493511,-33.4338980845576
19.7355527023766,-33.455234363717
19.8767009366164,-33.4466713833166
19.8865863885516,-33.2071454066095
19.9177224019356,-33.1992630398339
19.8855404919525,-33.2326889384855
19.9300898981382,-33.2542028297438
19.966839561847,-33.6806069781183
19.8764210362695,-33.6486613045196
19.7845989201348,-33.50039693267
22.7715828109392,-33.3203956227461
22.7820717316084,-33.3740986161213
19.4604198045842,-32.7305964165823
19.4424270138303,-32.711547288022
19.3974964515548,-32.7102516384833
19.452827126272,-32.7057504634037
19.4581237779902,-32.6720690379478
19.4060706598201,-32.7040472244089
19.4226646379651,-32.6768393188901
19.4630881140669,-32.66764492427
19.4556255347216,-32.6556733205504
19.5252449042014,-33.1995072413395
21.4463631127578,-33.3262245846688
21.4987727065179,-33.3678925961069
21.5050602164407,-33.3378470303564
21.5173363828529,-33.3346978598711
22.953949944308,-33.552271109568
22.8786336848577,-33.5573636831391
22.9268602753449,-33.5625211875475
22.9103318054983,-33.5814585177926
24.0927972821276,-33.4308322110585
23.8144227406,-33.418540864665
23.7570028056101,-33.3939593642931
23.3382656426486,-33.6521848884476
19.2979123432534,-33.7123311141012
19.318480757785,-32.3970678310161
19.2981512152348,-32.3820649303049
19.3355870463243,-32.568253931962
19.319866138097,-32.5767099188631
19.330657706107,-32.400039174418
18.4058766814563,-33.9770843065978
19.1797842199029,-33.1380939403632
19.1849070352241,-32.4756550144275
19.1734290061574,-32.4581388659579
21.267109761619,-33.331401302279
22.247952821482,-33.2624423596813
22.1947377276757,-33.2521682946767
22.14603533859,-33.2378305901214
22.9700853965628,-33.5798155884667
22.9798513793806,-33.6069921456268
23.0010597777135,-33.5693646093132
23.0134732944555,-33.5498864984336
21.7349440348446,-33.6761768756424
22.1257156098774,-33.3248695638403
22.04394082361,-33.3046498582512
22.7079254189179,-33.3439316471544
22.7647804316309,-33.3624646334351
22.7334712817715,-33.3541824816437
21.4291568744043,-33.5486623428705
23.5407386555849,-33.4343195401774
23.5470463641743,-33.3789643980097
23.5260014220058,-33.4639504269986
22.1172734931409,-33.2700426019597
22.0938008243907,-33.2834825301635
22.1174431468602,-33.3416960923225
22.7362883170332,-33.6194059043582
20.7054038125965,-33.2435957153524
22.7902032801676,-33.6514327668753
22.8450501526267,-33.5775687860734
22.7951203283779,-33.6089569342351
22.7577100149309,-33.6100065791524
21.5640215291745,-33.6011970271366
21.5640327442531,-33.5913168040337
21.618329001885,-33.6532578796252
22.9692841015458,-33.553705166541
23.0090890914182,-33.5606999927713
22.974919984392,-33.5773779608049
23.0448494277317,-33.5679847113407
23.0342029125886,-33.6075993067091
22.0174457288067,-33.3046916438193
21.9950581686394,-33.2397239958244
22.0542716969699,-33.3061865651832
22.0303576038834,-33.2404257334648
22.0213967246721,-33.260893567902
22.0817159397462,-33.3148411966264
22.0512524615879,-33.3034964898461
22.0075294789792,-33.281939629579
22.8373581011128,-33.6555465061431
22.9237561390232,-33.6020698560458
22.8343061702875,-33.6263464529645
21.2710622139759,-33.3648339331131
21.3419268137962,-33.3490222969913
21.2743240077811,-33.3865855305707
21.2959739471311,-33.4036633304218
22.6998222272862,-33.4119229526967
22.6941079225279,-33.4129125778964
22.6750023357292,-33.6018947411011
21.6029915309986,-33.3704575005491
21.5928459830098,-33.3406652173819
21.5773351328195,-33.4054404292283
21.61576532262,-33.3778869881275
22.0472173999855,-33.3353747278554
21.981579894186,-33.3627755020484
22.0454020543006,-33.2712156570506
22.0111623040493,-33.3675494332258
21.953631785823,-33.3640919984495
21.9532427614891,-33.2849051457084
21.9488602852383,-33.2817648870377
22.0468445961503,-33.3287099621939
22.1212985541886,-33.3166978043822
22.1062748216978,-33.2890413861238
22.05778433685,-33.271569670898
22.1303216251108,-33.272122998516
22.1129612994521,-33.2339947589281
22.1244210804152,-33.2881088066519
22.6913746695696,-33.365777840158
22.9276894829896,-33.5047230740887
22.9689988156772,-33.5822654418293
22.8130096159651,-33.6217435638438
22.841754753583,-33.5790716222207
22.7572516725798,-33.6405013256994
22.780775031034,-33.5532220721049
22.4061916139852,-33.3045515286541
22.4673238682804,-33.3567518363743
22.3849535214604,-33.2940947901067
19.2093632695143,-32.3129337489577
19.2208215666068,-32.3355191920772
19.2288209522925,-32.3642393303393
23.3841563431631,-33.5082897430221
23.4127084949641,-33.5996371723925
22.1879055110281,-33.3447270302783
22.1596147284425,-33.2959933940339
22.1875332958568,-33.3222985865026
21.4677496466599,-33.3332130737183
22.5279068015581,-33.3549440342262
22.4457134652921,-33.3505838856743
22.4884523275877,-33.3058587006899
21.542458215463,-33.6422129064045
21.5724635448483,-33.5905387192956
21.6061424296192,-33.6449507910349
21.5591688373108,-33.6490125716905
21.5932128452091,-33.5900003319317
23.0100359702752,-33.5705106535926
22.8589909563474,-33.6205614411413
22.2045264531802,-33.3156639445397
22.2403049635411,-33.2618058607374
22.1940449269665,-33.2803303005071
21.5655193097768,-33.5846757397241
21.5737166355289,-33.6468145672892
21.5853178908816,-33.6393422888153
21.5523085310115,-33.6119150509759
21.56856830406,-33.6276656847987
21.4283737425581,-33.5515345220183
21.4279789834692,-33.5689067637975
21.4496009197961,-33.5371013119164
21.4910823515849,-33.6247004943947
21.5189195850025,-33.6234210834038
21.6493423848273,-33.6096214778862
22.0788064038408,-33.3370245383709
22.1270667826151,-33.2516762121161
22.1184061415968,-33.3014970845635
22.1252818475886,-33.2560338275629
22.1837180562764,-33.2585560032697
22.0963696931154,-33.2540445964514
22.9840196510376,-33.5992775057778
22.9524839488314,-33.603860646747
22.9227749000759,-33.5490272727414
22.9085965964599,-33.6038559266012
22.9597493801153,-33.5875194044431
22.8852767688492,-33.5446281209392
22.8739851000785,-33.5307135938312
22.8876539920066,-33.5873778595245
23.0417274209959,-33.5414213767127
22.7883770382171,-33.5809726972748
22.79050818766,-33.5893558721636
22.744659888153,-33.6153292043471
22.4604251957042,-33.3111833066606
22.3832289726594,-33.3443768529957
22.4133808990521,-33.3517651202222
22.0303561817072,-33.3336130907611
22.0878089823081,-33.2468613100704
22.0661344650007,-33.2979887110526
22.0522663961789,-33.2311947004349
22.0013786014318,-33.2696457013107
22.0331736059589,-33.2736830553143
22.0576054050745,-33.2599024861613
22.0839643401485,-33.2706829736792
22.1191877738955,-33.3569409041527
22.7620905110994,-33.3843649084894
22.7691730290214,-33.4017929875032
22.7564318276858,-33.4192377913668
23.2553883577679,-33.3303576138829
23.1917156137004,-33.3435503501325
23.2732266738079,-33.2872366155145
23.1746243333854,-33.3499704678524
19.2551265054336,-32.6456056746664
20.7896486689766,-33.4148915308481
24.0905890417182,-33.455636577961
24.1881370914363,-33.4486872780509
23.73175952823,-33.460085900779
23.7246470352645,-33.4554870372824
23.740753857539,-33.4299699895103
20.5659891511109,-33.2797218906172
20.577396327002,-33.223723226524
20.6800021217874,-33.241388498717
20.630785693761,-33.2300579166497
20.6543808508608,-33.2268945303335
20.6756976112071,-33.2548975799196
19.5476811528281,-33.9309250665233
19.195150973958,-32.3393988821385
19.2559395645504,-32.3147098304117
19.2006951688371,-32.3065683046692
24.1530454223733,-33.4736335658571
19.1713761637388,-33.8033589072954
19.31873159354,-32.5935127030871
19.7807408481733,-33.4766196049023
19.7839443667038,-33.4332058007502
19.790227526552,-33.4430455592275
19.7690783719122,-33.4458645319445
19.9177031471339,-33.6357327942448
19.9113309512446,-33.7088697923021
19.6930573502238,-33.5036653288621
19.1721030986943,-32.9616251466173
19.3567425767993,-32.7322699502724
19.4343247402775,-32.7241184933884
19.444395806145,-32.7469479327835
19.4768469884358,-32.7409785707667
19.3962126091449,-32.7532800428607
19.4863335392737,-32.7770501051844
19.4739045251291,-32.7026159665445
19.4180819974896,-32.671325580001
19.4035649309298,-32.651786927878
19.4483337820229,-32.6259803948402
19.4111618486448,-32.6715001182389
19.3607418836056,-33.7282926866366
19.3540984850534,-33.7180734347292
19.5365159841004,-33.950917316948
19.3810018641846,-33.8133611894567
19.209883304963,-32.3819650809774
19.2890639562179,-32.3972368402854
19.2242939504516,-33.7194264768538
19.238968814469,-33.7234805032639
22.7846678622839,-33.5784964097486
22.6582248373292,-33.5601827279963
22.2279554198216,-33.2512756008451
22.806462148618,-33.6208592680264
22.7578525654059,-33.5576845223391
22.8582931836667,-33.5407777354187
22.8895173851949,-33.6215211921782
22.9276022341708,-33.5573363497481
22.9255379428295,-33.5386472719778
22.9436062170668,-33.5638798073782
22.9494483730942,-33.5614704254204
22.9881319402772,-33.5914041134762
22.9944901745357,-33.5626867616018
22.2233630345343,-33.2768380925563
22.2760701400973,-33.2534318887406
22.3337446838365,-33.2785744613371
21.9913875492439,-33.3892557875645
21.4629722642069,-33.3308197908374
21.485073100484,-33.3320401590876
20.6566732750153,-33.4280013838364
20.6406441670814,-33.4894027885674
20.6880619631885,-33.4231749244035
19.6470820492087,-32.9282866607932
19.9233972634216,-33.6214002042348
19.8883297106716,-33.6210498988832
19.3275781657863,-33.8120932454439
21.488430916912,-33.5489208095549
21.5042046408858,-33.6014658875083
21.5256641965983,-33.5614482584623
21.1401689170105,-33.3705196844564
21.0904168586219,-33.3847600821265
21.3387455644122,-33.387031408051
21.4051765070166,-33.3509248372764
21.3989492580239,-33.4060564211281
21.3666791244141,-33.4201799827563
21.3074118971108,-33.3483728042274
21.2841636129831,-33.340234450846
21.3328716821568,-33.4222088541714
21.58727600253,-33.5676888526799
21.6240809986786,-33.6537947995039
21.5819088155935,-33.6005419611307
21.629437216594,-33.6041297372644
21.5586479549427,-33.5638119576964
21.5688598440123,-33.6107965436019
21.522230812991,-33.5605857221056
21.5467372473264,-33.5852456880639
21.5630573625191,-33.5440716188149
21.6004670856082,-33.5817903724452
21.5888838592702,-33.5949378162557
21.517675277724,-33.6497550339336
21.604069098102,-33.6640416587107
21.5991441152607,-33.6165249829618
21.560615832544,-33.654296962712
21.5909514495664,-33.6573781290688
21.5970223474773,-33.6037601084439
21.529868514344,-33.6295913300086
21.449362167051,-33.6243703454175
21.4950521140323,-33.6240280675004
21.3348918743934,-33.409204879229
21.2745674940813,-33.4237212890573
21.3179616224914,-33.3523266476049
21.2769366242635,-33.3466092999764
21.2985237654579,-33.3675051153266
22.1143562736838,-33.3064952049172
22.0735431644889,-33.3026801179572
20.6727936634059,-33.4897256222722
22.0740796426348,-33.3119818487541
22.1289992498094,-33.3123007025699
22.0434468899285,-33.2251319161766
22.0315105440906,-33.3038377882941
22.0052214116296,-33.3752689111
21.9843175242217,-33.3559917821959
21.9489571312702,-33.3777302891379
21.9986301215143,-33.3149151743456
22.0371350565571,-33.28657913562
22.0185846925713,-33.2795431180774
22.456554251398,-33.3338698474829
22.4024312099815,-33.3025642835973
22.4169885717136,-33.2801414774255
22.3624117631856,-33.3198962568091
22.7015909636533,-33.3693332076222
22.7482725649773,-33.3836466729875
22.9877896371101,-33.4064924297045
22.2257882009232,-33.3097700556769
22.0620586472694,-33.3155733142671
22.6710583436369,-33.4020881593562
19.341503689303,-32.6005292061846
19.6553213708717,-32.9740969448528
19.8704069511314,-33.625347993045
19.0633410857488,-32.0255736295367
23.4151678590505,-33.6498380935584
23.9172958542063,-33.3785813027779
23.8510156393926,-33.3814697243683
23.9012756538269,-33.4258459196483
23.9250851176818,-33.4412792900912
23.9081116463038,-33.4319911351279
23.9793171079214,-33.464008839856
23.9201587112964,-33.3827820131873
23.9246753435033,-33.3989665651974
23.930079641344,-33.4036935192896
19.2145177248325,-33.6881527129273
20.5960744314678,-33.1926819134317
20.6690396764278,-33.2668952856036
20.6545996490726,-33.1984390317742
20.7252061939845,-33.2232905734424
19.5244376547187,-33.1864539085078
19.5565806893213,-33.2489337900196
19.4533275939124,-33.18929722461
19.5394598740871,-33.1824475872153
19.4787865445037,-33.2095702261274
19.4399102978929,-33.1651831008466
19.5056068579471,-33.157589064084
19.5076779065571,-33.1623247740082
19.5932188147381,-33.9018654355919
19.1613365475125,-33.6651375706494
19.962781627425,-33.629276578146
20.6259870153171,-33.3036295904153
22.1077958812621,-33.3093916872498
22.0778479346232,-33.3091511968066
22.0320664760816,-33.2515617400929
19.9091260611751,-33.6587226336412
19.8330501190293,-33.4461843228405
19.7489442838449,-33.4949273743182
19.781486068599,-33.441128650384
19.7795679320601,-33.5312742052964
23.8621266621463,-33.4866878374796
23.8257483308064,-33.3920091823358
23.8651991437365,-33.4549323480288
23.8327839879571,-33.4178683912252
23.8815305882348,-33.3926226866115
23.8448376601776,-33.3845029568831
23.818515359831,-33.4135545037304
23.3526650597452,-33.6226092797602
19.3134890677826,-33.8196147179836
19.3520799328601,-33.8648793917587
19.3753815161297,-33.8303846804937
19.3042197279967,-33.8497141083833
19.3081057790015,-33.8597892883663
19.3955221285717,-33.8321204766129
19.9233359348205,-33.1815895316489
19.9645829167292,-33.1794037668976
19.9464754408235,-33.6399447337779
21.3865947041251,-33.430700879477
21.4069491014499,-33.3805810696417
21.5352842868407,-33.2995396565534
21.5018334662141,-33.3040390912872
20.6064400087157,-33.2213954391014
21.4731504246666,-33.3092035297296
21.440478270568,-33.3052675198959
21.4652329468076,-33.3092288185107
19.9437496914184,-33.7051525252229
19.6195142327054,-33.1618902884749
19.8283964556678,-33.6388221384874
19.7614419423631,-33.6046288317405
19.8336895658746,-33.6383000765015
19.5516620718948,-33.1905115001062
19.2047206428098,-33.7475045967343
20.6426348091372,-33.4795406784266
20.6890403452412,-33.4398417355912
22.1405886979485,-33.2710889058468
22.1134549037116,-33.2757218644024
22.0507926520063,-33.3299150045347
22.0990242891275,-33.2750803153646
22.0087054546614,-33.2620515753505
22.0107630597045,-33.2417517280542
22.0540421427795,-33.2494948005778
22.0824146393985,-33.2273308363538
22.0410200059228,-33.2590210332796
22.0337356276624,-33.2979060335308
22.0595713378583,-33.3143851654101
22.0488715347639,-33.2701387249901
22.062104028537,-33.3498962804572
21.9826649843472,-33.2825615138515
21.9866852222738,-33.3196114557545
22.013237171216,-33.3114294525012
22.0856272953935,-33.2459186705221
22.0999115127317,-33.3023455736404
22.1310763363837,-33.3541472694668
22.7370747864601,-33.3569874365517
22.7711701198629,-33.3640930719144
22.072833345618,-33.320652550239
22.023926267419,-33.3111722740642
22.0983059019297,-33.3322079121032
21.3912559201568,-33.4178677975787
21.3521218182622,-33.3621351680384
21.3891365492596,-33.3991438708118
21.520167706021,-33.3435426847954
22.8658376662126,-33.5328042720101
22.9377635539528,-33.6147635031026
22.9313614156777,-33.5861092642992
22.9298931798023,-33.5917522696071
21.5354836932458,-33.5803186050821
21.5454801175463,-33.6289093555185
21.5390872120372,-33.5544581709626
21.5359073110893,-33.546283026887
21.5896418174291,-33.6271273952705
21.3777705085799,-33.3854325213907
21.0745122700493,-33.4886397634038
21.0272744351617,-33.4895506989694
21.0306763799451,-33.5263432125365
21.0522157572555,-33.5579665741521
20.9734257058278,-33.4645701226528
21.0323300240868,-33.5534940091344
20.9957304208019,-33.5039777218512
21.511391313509,-33.4238783005001
21.5123719619457,-33.422252985172
21.5427377260429,-33.4123772235048
21.4907119977492,-33.3666922677019
22.8126216540309,-33.3195596400584
22.779758103446,-33.370029915317
22.8507172374809,-33.3435073967744
22.7666478270554,-33.368894478242
21.459240424079,-33.5621803687708
21.4481945333164,-33.5495411197497
21.3840948408842,-33.2706721108807
21.3517253525164,-33.2959580867906
21.3446353192963,-33.2520842739046
21.5040377111762,-33.6129707244412
20.7359848359665,-33.4315741458945
21.461696659497,-33.4027491203212
21.0867248517069,-33.3689813348827
21.6214407482351,-33.3571958863939
21.634376847988,-33.3321197960117
21.6173650372485,-33.3717703720034
21.6100916127431,-33.3986168491943
21.6156170617277,-33.3456659207241
21.5684932095772,-33.4081835838483
21.556206026164,-33.3553807715998
21.6026467724395,-33.3249794551293
21.5881776891015,-33.4014766923077
21.5836210063174,-33.3331228986001
22.7398604759284,-33.4047011357415
22.6720625634938,-33.3708996461461
22.6954337387653,-33.3938473271894
21.6074825259792,-33.3980293220608
21.5461914751149,-33.3332011559353
21.5196649225951,-33.3398334033378
21.5380566254929,-33.3685374084217
21.5701258820342,-33.3345889412127
21.2942352721152,-33.2749087351235
21.3268389198994,-33.2292345118867
21.3686361867887,-33.2793599400743
21.3537446221915,-33.3873627477381
21.3147963720123,-33.4011751325512
21.3227114909458,-33.4261282346201
20.6282695474337,-33.4576730357065
20.6439632206234,-33.4795251917001
20.6235420287075,-33.4711114846551
21.449057746252,-33.3365679724552
20.6500835291808,-33.5020804784811
20.6880581177351,-33.4770581250126
20.712352943955,-33.6934579778156
20.770971741016,-33.7539440548801
20.7895285777384,-33.7399052867461
20.8264431169779,-33.7608222211674
20.8083471520356,-33.791755039962
20.8577656775751,-33.7602038580878
21.3469432094013,-33.3876644561849
21.7658471622671,-33.3774653917969
21.8373588443146,-33.3033196026721
21.7511774743954,-33.3597814661627
21.8158295009845,-33.3520038034349
21.8378983291183,-33.3588626420247
21.466799416285,-33.3714149144571
21.4973300269442,-33.3508335931841
21.5330282079064,-33.3649156813081
21.5464197190554,-33.3106808228223
21.5265190879228,-33.2945256901896
21.4997283370234,-33.320430743415
21.4245905526086,-33.4298686299948
21.5358154265052,-33.3349706432978
21.5331730096275,-33.3291000410012
21.5060163518795,-33.366808498865
20.6070039331922,-33.1982189724305
21.4488905570051,-33.3655881764293
21.5476033118767,-33.3573129912141
19.6629643764254,-33.1620121222874
19.6486440214162,-33.1697512978082
19.6502571649802,-33.1117252371004
19.632220545196,-32.9974451204156
19.7043273782003,-33.4535325146186
19.8099037674162,-33.4830099987406
19.8557676269589,-33.4663577612611
19.9172722921604,-33.2059125171303
19.9006359817126,-33.6670081956851
19.9806260956936,-33.6944450457487
19.6233455556269,-33.0299955411786
19.6817256960925,-32.9653576899991
19.6842217635865,-33.0238573516728
19.1964176242762,-32.2940492675034
20.7431314177345,-33.3997809858295
20.7292366904933,-33.4126324194251
20.7744271380893,-33.7105714102006
20.8175395084378,-33.73434138201
22.1561085847272,-33.3417320496152
22.1055912931459,-33.2417911277692
22.1238421313995,-33.2884655216578
22.0558452479653,-33.2770010258267
19.3539479234079,-33.4598052419004
19.1777449229901,-32.2732376254359
19.1301082290682,-33.6345282723895
19.3401169215943,-33.4192134476695
19.203043768892,-32.4939062920855
19.2239102093317,-32.4760970737822
19.229682753384,-32.4990825567963
20.7318673238541,-33.4738559627822
20.7281438013987,-33.4843859276996
20.7261800713082,-33.4521351185478
20.654814252696,-33.435579845189
20.6778248084252,-33.459199089408
20.6967408004395,-33.4094048804565
20.6749679182693,-33.4155866266432
20.6465998496916,-33.4808134042964
20.6222332267826,-33.4102712693419
22.0974374762279,-33.3429460653951
22.0758975119134,-33.3089225611798
22.1056261740652,-33.2841283551798
22.1038823451195,-33.2733241943334
22.1020327768726,-33.2600014176182
22.132499800467,-33.283214477783
22.0563233873686,-33.3343021416999
22.1384344160305,-33.2574169326452
22.079542174587,-33.307971013058
22.1236882233936,-33.3026676975992
22.0898818307389,-33.2926097671203
22.082650454984,-33.2930459903729
22.0970176085671,-33.2785914648716
22.2242262571714,-33.3254198736614
22.2551106432742,-33.2633936827433
22.253572236403,-33.2182346891249
22.2420038340789,-33.2292933760211
22.1485645472947,-33.3151790730748
22.1270851882071,-33.3154578450405
22.1652185234138,-33.3161817853898
22.1910933405394,-33.3400111228517
19.2473169685127,-32.468180317142
19.2659948695506,-32.4880626712936
19.1238207890828,-33.6872081046728
19.5752633609426,-33.3852929627383
19.6028355084603,-33.3942009731046
21.4645147969471,-33.373615145674
21.4962782313618,-33.3750519142802
21.5321419593003,-33.3274300339223
21.4919603641285,-33.3815897717969
19.2752022500765,-32.8253966095205
19.2781855416391,-32.7804741570736
19.4904502813648,-33.4160775254118
19.5395133133046,-33.3780712918974
19.9365931148258,-33.7103788026655
19.9576647355418,-33.6201797284502
19.2479903705791,-33.7823125130274
19.4966143038972,-32.6639232130116
19.468094397598,-32.6398596189208
19.3886571338763,-32.680126985535
19.4535572677106,-32.636529247677
19.3854446774339,-32.6515131263528
21.525180426998,-33.3617080791444
21.4719780990062,-33.366617019549
19.3404580079578,-32.9771006556181
19.2420090250102,-32.4183219644624
19.1812242231275,-32.4325298299454
19.1657377527747,-32.4369918552563
19.2139926171266,-32.4537050904892
21.5196180750253,-33.3369280242082
21.513309678737,-33.3188652125363
21.5216697979812,-33.3846536832722
21.5517543244817,-33.3149978234712
21.5740773257044,-33.3629138774006
19.2272067345037,-32.4735788087956
19.2558149256278,-32.4691730834906
19.1868809373827,-32.4888291483875
19.2319293650995,-32.4251072716211
19.2768791596861,-32.4622874958674
19.3022034628596,-32.4795666412627
20.646460857465,-33.3206334571623
19.3137501360978,-33.4773910626593
19.3684944704045,-33.0928296461236
19.3493869736222,-33.1126191275391
19.3216189332389,-33.139516612281
19.3140420091375,-33.1663929035851
22.128858684185,-33.3087586385002
22.1513342601516,-33.2987265028339
22.1549359851563,-33.3182987661204
22.1932069931888,-33.3126591904265
22.1229787279629,-33.3269788174833
22.1972507229075,-33.3207312046002
22.1903972830623,-33.282329960213
22.1453069949523,-33.2334976630974
22.1744321310836,-33.2923786634766
22.1834143527494,-33.2924091684818
22.1517633911036,-33.2346008515637
22.2343124484224,-33.2392956038425
22.2423545544455,-33.2734282349469
22.2406741289841,-33.2684570006095
22.2150034113218,-33.2781571452506
22.2072207447038,-33.2337371047353
22.1989043189389,-33.2738021602212
22.27045113396,-33.2424276510496
22.2646505260664,-33.2642731017443
22.2521526297844,-33.2837110271222
22.2167174911825,-33.2538962999908
22.2428895171965,-33.2253937105731
22.3060971877175,-33.3093116429262
22.3170495658963,-33.2670394520638
22.2428177686185,-33.28822260484
22.3200701139877,-33.2331387065015
22.3125993213394,-33.2686434465983
22.263217468122,-33.2272729290426
22.3182515256376,-33.2826158799547
22.2494655453124,-33.2266414560424
22.2838332112869,-33.2264613269409
22.2760995437847,-33.320521228997
22.3081930007692,-33.23955588446
22.2074718271651,-33.3072495326177
22.1988766470468,-33.2950706416741
22.2087668766976,-33.2453473395435
22.2726181765366,-33.294184748548
22.2721060621915,-33.3239148985538
22.2529803080857,-33.2583890118926
22.2272613858245,-33.2653906739374
22.264150725511,-33.2663282751162
22.2565916522416,-33.3298990488109
22.1681929271958,-33.2912834125395
22.1841713696708,-33.2617975012911
22.2293450305927,-33.3220168281636
22.1859333543117,-33.2953982590289
22.2153199955681,-33.2732279040488
22.2333733060035,-33.2378911239235
22.1703634681962,-33.2579450160042
22.2148957900247,-33.3071743430523
22.1762794828415,-33.2498783328793
22.1912659928425,-33.2715191381621
22.1548572119781,-33.2945738930777
22.1393968219134,-33.3245556303114
19.3918041237257,-33.4800665199813
19.386271255943,-33.4316623098114
19.4198369146734,-33.4390823812167
19.4238098693918,-33.4037056525238
19.4704658559627,-33.407999278117
19.4341472909237,-33.4413345526718
19.4678064312403,-33.4797891509337
19.4864196126639,-33.478614869467
19.5220057143318,-33.4435499000177
21.2674705536161,-33.4393039739737
21.2971867677812,-33.3875426627323
21.2942938053598,-33.4100180560593
21.2733363721716,-33.3682962920041
21.4018153412444,-33.3470875006365
21.4193506978266,-33.3893775968383
21.389816880281,-33.3843784287618
21.4285496664047,-33.3599594717436
19.3601915183281,-33.0303161066481
19.4228230835022,-33.1511880244278
19.3909845076631,-33.1424812811137
19.4440106214779,-33.1657632491608
19.4325642900392,-33.1292146485542
19.3745324922503,-33.1264093296872
19.4656513619945,-33.1953500684108
19.3880846123946,-33.2286069182157
19.4605143728387,-33.1695791880973
19.42864367925,-33.1559729692666
19.4136204182646,-33.2336794616525
19.4898556035654,-33.1800818625558
19.4769447923535,-33.1926902314638
19.4705190039762,-33.1266598644666
22.2127029094622,-33.301964247428
22.1789093376407,-33.2971775366216
22.1929355397727,-33.2424075478698
22.2298774975016,-33.2240323800464
22.2394990060758,-33.2640233948304
22.308820311766,-33.2730776274437
22.260921109341,-33.2728672446926
22.2788919731659,-33.2559406525223
22.2504494474921,-33.2304258800531
22.3272779228621,-33.2434596116831
22.313056036341,-33.2442149756606
22.2011551599753,-33.3005817094352
19.1307815507893,-33.4546575518614
19.1278845017636,-33.4058943138421
19.1992047089162,-32.3668405223462
19.2800486326926,-32.3506270844313
19.2344302383065,-32.3975962013834
19.1972463909024,-32.3585793104525
19.203215834829,-32.3826310063769
19.2118643251796,-32.2882963720812
19.1767280418752,-32.3045493498584
19.2289978255741,-32.3715840150882
19.1971736613625,-32.3421633534935
19.2243935823198,-32.3623522338085
19.2080600114493,-32.3599514688645
19.1882516656676,-32.3013435534937
19.2305296804141,-32.3978217794327
19.2317813526177,-32.3645498235441
19.230165442234,-32.3682338179974
19.2268275002167,-32.3320755346632
19.2241989156035,-33.7029062169827
19.152830605927,-33.7629932910949
19.2486734865569,-33.7433991929506
19.6866165594348,-32.984683239013
19.6671115736244,-33.0593660029826
19.6975382585787,-33.0981200537877
19.7570169853093,-33.3646883466038
19.3399511479549,-32.6154123216272
19.3263831432321,-32.5938882799466
19.3672035368775,-33.4142505107038
19.1840544217788,-32.3061901729098
19.1882124780398,-32.3576944130762
19.1783462525402,-32.3373283449151
19.2161777016753,-32.3752006915063
19.2401912727551,-32.367345674159
19.2111296153963,-32.3472379757372
19.2067474189819,-32.3196075625056
19.197475400675,-32.3310569632462
19.2335768421711,-32.3658877652296
23.0390256325947,-33.5917156685014
23.0061054585082,-33.5361903784331
22.9680244009606,-33.5527381007792
22.9476348159499,-33.5629037517692
23.0139460334518,-33.5633060824369
22.9822448927201,-33.5576850952627
22.9872587326738,-33.5399475028645
19.6407540227258,-32.9895360391485
19.9389997167205,-33.6833183579212
19.8984828475033,-33.6918214330506
19.9271297939727,-33.6751747763995
19.9016072966577,-33.6547860450689
19.8129908476108,-33.6361179020628
19.7313409546287,-33.5678600164196
19.7327279588627,-33.5959570923132
19.4089371731282,-33.4980702606532
19.2659147902438,-33.7267693665308
19.1789138488891,-33.7452642424601
19.1764656112771,-33.6647585949069
19.1876056115384,-33.6968274976267
19.165237364146,-33.6754641092858
19.1883227411155,-33.7287179186252
19.2435721255839,-32.3577975907606
19.229057459006,-32.2992919485783
19.2573966713958,-32.2836223125085
19.2147149591241,-32.3393111848282
19.2650711195078,-32.3676385392155
19.2368169287936,-32.3475010755518
19.2842859248967,-32.3944350848487
19.2188356420621,-32.3610022664406
19.2060029390687,-32.4145512251872
19.2194459292396,-32.3373333342606
19.2573315618616,-32.3565630292483
19.2775299542351,-32.4987589762034
19.2474437057404,-32.5328070523646
20.7347207919006,-33.4617165166782
20.7286467832037,-33.4973811525582
19.5971661663811,-33.9616069648332
19.1689063888378,-33.6910500947069
19.1746816487945,-33.1236123332371
19.228141464686,-33.122437934042
19.252068187952,-33.0680221418162
19.2987874599462,-33.6909431533646
19.2967196045759,-33.7097672523521
19.3520504025909,-33.7777627461571
23.3773684700346,-33.5774699979172
23.3793102848939,-33.652905537174
23.3432805151147,-33.5886134869642
23.3006572158319,-33.6095851451075
19.1525424308852,-32.6877154603601
19.1971186370868,-32.7644266774748
20.7646357073532,-33.4605539765246
20.7162683665287,-33.4860188577045
19.1574445913275,-32.2585118737779
19.9328301220239,-33.6625636544768
19.9583548253217,-33.6407206642552
19.9681553792142,-33.6780603503649
19.2324368514176,-33.6518081823065
19.7395038616163,-33.5555574602607
19.6995801667421,-33.5345920279986
19.7111629236267,-33.5156811575153
19.4610961056641,-33.4434198066919
19.4931610662415,-33.4744530144706
19.4524267123928,-33.4422371769249
19.4465173333203,-33.4891759483843
19.4655354048173,-33.5312627773862
19.517418934052,-33.471469685141
19.5251439156336,-33.4605786572639
19.3543481319929,-32.9616002772963
19.1690578388785,-33.7025145058044
19.3819407764031,-32.575493967941
19.3239090352533,-32.552680265217
19.2731576980482,-32.3608755979025
19.6941615412553,-33.1203052578523
19.608919995564,-33.1480247183051
19.3943582864395,-32.9384902495182
24.1424713453296,-33.4987439908143
19.7905345191675,-33.4324028476309
19.8293876173906,-33.4399860158627
19.7791789918113,-33.4924961822479
19.7381645605722,-33.4468235925902
19.727760596808,-33.4977509763613
19.8423900871574,-33.4787308242181
19.9455448107421,-33.6886945304285
19.9404124492052,-33.6307897991034
19.8924705970743,-33.6808297713724
20.4429303579638,-33.3485141904186
19.3874363603349,-32.6904586314866
19.3729632754446,-32.7188036380634
19.3923560824813,-32.775865745659
19.4485772438664,-32.7660115574906
19.4196233314202,-32.7448072069725
19.4835240560779,-32.6956163984621
19.428483343373,-32.679454148966
19.4393631222014,-32.7234315883508
19.3974373153653,-32.6943333651255
19.4509081481007,-32.6696293020854
19.4123396339724,-32.7007915623366
19.4819096460026,-32.6898396033906
19.4570777522083,-32.6869158058828
19.9565991882506,-33.6799439026491
19.9117069487413,-33.7164276347784
19.5422842852212,-33.9532605980932
19.4903590263901,-32.8332415091926
19.4406376576042,-32.7585647316427
19.4117911567278,-32.8241359455679
19.4234115075086,-32.8248301069812
